PLAYER_ID,GAME_DATE,POTENTIAL_AST,POTENTIAL_AST_L5
2544,2024-10-22,16.0,
2544,2024-10-25,9.0,
2544,2024-10-26,15.0,
2544,2024-10-28,14.0,
2544,2024-10-30,7.0,
2544,2024-11-01,19.0,12.2
101108,2024-10-24,17.0,
101108,2024-10-28,13.0,
101108,2024-10-30,15.0,
101108,2024-10-31,22.0,
200768,2024-10-23,8.0,
200768,2024-10-25,10.0,
200768,2024-10-27,7.0,
200768,2024-10-30,4.0,
201142,2024-10-23,6.0,
201142,2024-10-25,6.0,
201142,2024-10-26,8.0,
201142,2024-10-28,5.0,
201142,2024-10-31,4.0,
201143,2024-10-22,5.0,
201143,2024-10-24,1.0,
201143,2024-10-26,1.0,
201143,2024-10-28,2.0,
201143,2024-10-30,2.0,
201144,2024-10-22,5.0,
201144,2024-10-24,5.0,
201144,2024-10-26,6.0,
201144,2024-10-29,10.0,
201144,2024-11-01,8.0,
201566,2024-10-24,6.0,
201566,2024-10-26,5.0,
201566,2024-10-28,3.0,
201566,2024-10-29,7.0,
201566,2024-11-01,10.0,
201569,2024-10-23,2.0,
201569,2024-10-25,3.0,
201569,2024-10-27,3.0,
201569,2024-10-30,3.0,
201572,2024-10-23,6.0,
201572,2024-10-25,4.0,
201572,2024-10-27,3.0,
201572,2024-10-28,2.0,
201572,2024-10-31,2.0,
201587,2024-10-23,3.0,
201587,2024-10-26,3.0,
201587,2024-10-27,2.0,
201587,2024-10-30,1.0,
201587,2024-10-31,3.0,
201935,2024-10-23,15.0,
201935,2024-10-26,18.0,
201935,2024-10-27,17.0,
201935,2024-10-30,17.0,
201935,2024-10-31,21.0,
201939,2024-10-23,10.0,
201939,2024-10-25,7.0,
201939,2024-10-27,10.0,
201942,2024-10-24,6.0,
201942,2024-10-26,7.0,
201942,2024-10-28,7.0,
201942,2024-10-29,11.0,
201942,2024-11-01,2.0,
201949,2024-10-25,3.0,
201950,2024-10-22,9.0,
201950,2024-10-24,3.0,
201950,2024-10-26,8.0,
201950,2024-10-28,6.0,
201950,2024-10-30,9.0,
201950,2024-11-01,6.0,7.0
201988,2024-10-23,4.0,
201988,2024-10-25,6.0,
201988,2024-10-28,4.0,
201988,2024-10-29,2.0,
201988,2024-10-31,3.0,
202066,2024-10-23,3.0,
202066,2024-10-25,0.0,
202681,2024-10-24,7.0,
202681,2024-10-26,11.0,
202681,2024-10-28,15.0,
202681,2024-10-29,5.0,
202681,2024-10-31,9.0,
202684,2024-10-23,0.0,
202684,2024-10-26,0.0,
202684,2024-10-30,1.0,
202684,2024-11-01,0.0,
202685,2024-10-24,2.0,
202685,2024-10-26,5.0,
202685,2024-10-28,4.0,
202685,2024-10-30,10.0,
202691,2024-10-24,1.0,
202691,2024-10-26,1.0,
202691,2024-10-28,5.0,
202691,2024-10-29,3.0,
202691,2024-10-31,1.0,
202692,2024-10-26,0.0,
202692,2024-10-28,1.0,
202696,2024-10-23,4.0,
202696,2024-10-25,7.0,
202696,2024-10-26,3.0,
202696,2024-10-28,8.0,
202696,2024-10-30,6.0,
202696,2024-11-01,6.0,5.6
202699,2024-10-23,4.0,
202699,2024-10-25,5.0,
202699,2024-10-26,3.0,
202699,2024-10-28,5.0,
202699,2024-10-30,3.0,
202699,2024-11-01,4.0,4.0
202704,2024-10-25,1.0,
202709,2024-10-23,1.0,
202709,2024-10-26,1.0,
202709,2024-11-01,3.0,
202710,2024-10-23,6.0,
202710,2024-10-26,15.0,
202710,2024-10-28,15.0,
202710,2024-10-30,10.0,
203076,2024-10-22,3.0,
203076,2024-10-25,6.0,
203076,2024-10-26,6.0,
203076,2024-10-28,3.0,
203076,2024-10-30,3.0,
203076,2024-11-01,7.0,4.2
203078,2024-10-23,3.0,
203078,2024-10-25,8.0,
203078,2024-10-28,7.0,
203081,2024-10-23,18.0,
203081,2024-10-25,19.0,
203081,2024-10-27,8.0,
203081,2024-10-28,12.0,
203081,2024-10-31,16.0,
203083,2024-10-23,1.0,
203083,2024-10-25,0.0,
203083,2024-10-27,3.0,
203083,2024-10-30,1.0,
203084,2024-10-24,5.0,
203084,2024-10-28,2.0,
203084,2024-10-30,3.0,
203084,2024-10-31,4.0,
203110,2024-10-23,7.0,
203110,2024-10-25,7.0,
203110,2024-10-27,6.0,
203110,2024-10-29,17.0,
203110,2024-10-30,10.0,
203458,2024-10-24,1.0,
203458,2024-10-26,1.0,
203458,2024-10-28,4.0,
203458,2024-10-29,3.0,
203468,2024-10-23,7.0,
203468,2024-10-25,9.0,
203468,2024-10-27,6.0,
203468,2024-10-29,4.0,
203471,2024-10-23,9.0,
203471,2024-10-25,10.0,
203471,2024-10-27,9.0,
203471,2024-10-29,23.0,
203471,2024-10-30,13.0,
203471,2024-11-01,14.0,12.8
203484,2024-10-23,3.0,
203484,2024-10-25,2.0,
203484,2024-10-26,3.0,
203484,2024-10-28,3.0,
203484,2024-10-30,2.0,
203484,2024-11-01,2.0,2.6
203486,2024-10-23,2.0,
203486,2024-10-25,1.0,
203486,2024-10-26,0.0,
203486,2024-10-28,0.0,
203486,2024-10-31,2.0,
203497,2024-10-22,5.0,
203497,2024-10-24,2.0,
203497,2024-10-26,3.0,
203497,2024-10-29,4.0,
203497,2024-11-01,2.0,
203500,2024-10-28,0.0,
203500,2024-10-31,2.0,
203501,2024-10-23,3.0,
203501,2024-10-25,3.0,
203501,2024-10-26,3.0,
203501,2024-10-28,4.0,
203501,2024-10-30,5.0,
203501,2024-11-01,1.0,3.6
203507,2024-10-23,9.0,
203507,2024-10-25,11.0,
203507,2024-10-27,15.0,
203507,2024-10-28,15.0,
203507,2024-10-31,10.0,
203552,2024-10-23,3.0,
203552,2024-10-25,4.0,
203552,2024-10-26,4.0,
203552,2024-10-30,5.0,
203552,2024-11-01,2.0,
203897,2024-10-23,6.0,
203897,2024-10-25,4.0,
203897,2024-10-26,7.0,
203897,2024-10-28,7.0,
203897,2024-10-30,9.0,
203897,2024-11-01,8.0,6.6
203903,2024-10-23,8.0,
203903,2024-10-25,10.0,
203903,2024-10-28,8.0,
203903,2024-10-29,10.0,
203903,2024-10-31,8.0,
203914,2024-10-23,3.0,
203914,2024-10-25,0.0,
203914,2024-10-26,0.0,
203914,2024-10-28,1.0,
203914,2024-10-30,0.0,
203914,2024-11-01,0.0,0.8
203915,2024-10-24,0.0,
203915,2024-10-28,3.0,
203915,2024-10-29,2.0,
203915,2024-10-31,6.0,
203924,2024-10-23,3.0,
203924,2024-10-25,1.0,
203924,2024-10-27,4.0,
203924,2024-10-28,5.0,
203924,2024-10-30,1.0,
203924,2024-11-01,2.0,2.8
203926,2024-10-24,0.0,
203926,2024-10-28,0.0,
203926,2024-10-29,0.0,
203932,2024-10-24,7.0,
203932,2024-10-26,6.0,
203932,2024-10-28,5.0,
203932,2024-10-29,4.0,
203932,2024-11-01,7.0,
203935,2024-10-23,6.0,
203935,2024-10-25,4.0,
203935,2024-10-26,4.0,
203935,2024-10-28,10.0,
203935,2024-10-30,2.0,
203937,2024-10-23,6.0,
203937,2024-10-25,3.0,
203937,2024-10-27,3.0,
203937,2024-10-29,6.0,
203937,2024-10-30,4.0,
203939,2024-10-24,0.0,
203939,2024-10-26,0.0,
203939,2024-10-28,0.0,
203939,2024-10-31,0.0,
203944,2024-10-22,7.0,
203944,2024-10-24,10.0,
203944,2024-10-26,6.0,
203944,2024-10-29,10.0,
203944,2024-11-01,7.0,
203952,2024-10-23,6.0,
203952,2024-10-25,7.0,
203952,2024-10-27,2.0,
203967,2024-10-24,1.0,
203967,2024-10-26,1.0,
203967,2024-10-28,1.0,
203967,2024-10-29,1.0,
203967,2024-11-01,2.0,
203991,2024-10-23,1.0,
203991,2024-10-25,1.0,
203991,2024-10-27,1.0,
203991,2024-10-28,3.0,
203991,2024-10-30,1.0,
203991,2024-11-01,1.0,1.4
203992,2024-10-23,4.0,
203994,2024-10-23,3.0,
203994,2024-10-25,4.0,
203994,2024-10-26,3.0,
203994,2024-10-28,0.0,
203994,2024-10-31,3.0,
203995,2024-10-23,2.0,
203995,2024-10-25,2.0,
203995,2024-10-26,2.0,
203999,2024-10-24,26.0,
203999,2024-10-26,13.0,
203999,2024-10-28,11.0,
203999,2024-10-29,20.0,
203999,2024-11-01,21.0,
204060,2024-10-22,2.0,
204060,2024-10-24,0.0,
204060,2024-10-26,4.0,
204060,2024-10-29,0.0,
204060,2024-11-01,1.0,
204456,2024-10-23,8.0,
204456,2024-10-25,7.0,
204456,2024-10-27,10.0,
204456,2024-10-28,1.0,
204456,2024-10-30,9.0,
204456,2024-11-01,12.0,7.0
1626145,2024-10-23,11.0,
1626145,2024-10-25,7.0,
1626145,2024-10-26,12.0,
1626145,2024-10-28,16.0,
1626145,2024-10-31,18.0,
1626153,2024-10-23,1.0,
1626153,2024-10-25,5.0,
1626153,2024-10-27,2.0,
1626153,2024-10-28,2.0,
1626153,2024-10-31,9.0,
1626156,2024-10-22,12.0,
1626156,2024-10-25,4.0,
1626156,2024-10-26,5.0,
1626156,2024-10-28,14.0,
1626156,2024-10-30,7.0,
1626156,2024-11-01,12.0,8.4
1626157,2024-10-22,3.0,
1626157,2024-10-25,1.0,
1626157,2024-10-28,3.0,
1626157,2024-10-30,1.0,
1626157,2024-11-01,7.0,
1626162,2024-10-23,2.0,
1626162,2024-10-25,4.0,
1626162,2024-10-27,0.0,
1626162,2024-10-30,5.0,
1626164,2024-10-23,11.0,
1626164,2024-10-25,7.0,
1626164,2024-10-26,13.0,
1626164,2024-10-28,7.0,
1626164,2024-10-31,11.0,
1626166,2024-10-22,3.0,
1626166,2024-10-25,3.0,
1626166,2024-10-28,2.0,
1626166,2024-10-30,5.0,
1626166,2024-11-01,4.0,
1626167,2024-10-23,3.0,
1626167,2024-10-25,2.0,
1626167,2024-10-27,4.0,
1626167,2024-10-28,0.0,
1626167,2024-11-01,2.0,
1626168,2024-10-24,1.0,
1626168,2024-10-26,1.0,
1626168,2024-10-28,1.0,
1626168,2024-10-29,1.0,
1626168,2024-11-01,2.0,
1626171,2024-10-23,4.0,
1626171,2024-10-25,2.0,
1626171,2024-10-27,3.0,
1626171,2024-10-28,1.0,
1626171,2024-10-31,1.0,
1626172,2024-10-23,4.0,
1626172,2024-10-25,2.0,
1626172,2024-10-27,4.0,
1626172,2024-10-29,5.0,
1626172,2024-10-30,2.0,
1626179,2024-10-23,7.0,
1626179,2024-10-26,5.0,
1626179,2024-10-28,6.0,
1626179,2024-10-30,11.0,
1626181,2024-10-23,3.0,
1626181,2024-10-26,2.0,
1626181,2024-10-27,1.0,
1626181,2024-10-30,2.0,
1626181,2024-10-31,5.0,
1626192,2024-10-23,1.0,
1626192,2024-10-25,2.0,
1626192,2024-10-27,3.0,
1626192,2024-10-28,1.0,
1626192,2024-10-31,3.0,
1626204,2024-10-28,4.0,
1626204,2024-10-30,0.0,
1626204,2024-11-01,0.0,
1626220,2024-10-23,5.0,
1626220,2024-10-25,5.0,
1626220,2024-10-26,4.0,
1626220,2024-10-28,5.0,
1626220,2024-10-31,4.0,
1627732,2024-10-23,16.0,
1627732,2024-10-25,10.0,
1627732,2024-10-27,10.0,
1627732,2024-10-30,11.0,
1627732,2024-11-01,14.0,
1627734,2024-10-24,6.0,
1627734,2024-10-26,15.0,
1627734,2024-10-28,16.0,
1627734,2024-10-29,6.0,
1627734,2024-11-01,14.0,
1627736,2024-10-23,0.0,
1627736,2024-10-25,2.0,
1627736,2024-10-26,2.0,
1627736,2024-10-28,0.0,
1627736,2024-10-30,2.0,
1627736,2024-11-01,3.0,1.2
1627739,2024-10-23,6.0,
1627739,2024-10-26,1.0,
1627739,2024-10-27,9.0,
1627739,2024-10-30,3.0,
1627739,2024-10-31,3.0,
1627741,2024-10-23,2.0,
1627741,2024-10-25,8.0,
1627741,2024-10-27,5.0,
1627741,2024-10-29,4.0,
1627741,2024-10-30,2.0,
1627742,2024-10-23,5.0,
1627742,2024-10-25,11.0,
1627742,2024-10-27,9.0,
1627742,2024-10-29,7.0,
1627742,2024-10-30,11.0,
1627742,2024-11-01,12.0,8.6
1627747,2024-10-23,5.0,
1627747,2024-10-25,5.0,
1627747,2024-10-26,10.0,
1627747,2024-10-28,6.0,
1627747,2024-10-30,9.0,
1627747,2024-11-01,6.0,7.0
1627749,2024-10-23,18.0,
1627750,2024-10-24,14.0,
1627750,2024-10-26,8.0,
1627750,2024-10-28,10.0,
1627750,2024-10-29,5.0,
1627750,2024-11-01,5.0,
1627751,2024-10-23,3.0,
1627751,2024-10-25,3.0,
1627751,2024-10-26,4.0,
1627751,2024-10-28,6.0,
1627751,2024-10-30,5.0,
1627751,2024-11-01,12.0,4.2
1627752,2024-10-23,5.0,
1627752,2024-10-25,3.0,
1627752,2024-10-27,0.0,
1627752,2024-10-28,1.0,
1627752,2024-10-31,4.0,
1627759,2024-10-22,3.0,
1627759,2024-10-24,6.0,
1627759,2024-10-26,8.0,
1627759,2024-10-28,8.0,
1627759,2024-10-30,9.0,
1627759,2024-11-01,8.0,6.8
1627777,2024-10-23,1.0,
1627777,2024-10-25,0.0,
1627777,2024-10-26,2.0,
1627777,2024-10-28,1.0,
1627777,2024-10-30,3.0,
1627777,2024-11-01,2.0,1.4
1627780,2024-10-23,3.0,
1627780,2024-10-25,2.0,
1627780,2024-10-27,0.0,
1627780,2024-10-29,1.0,
1627780,2024-10-30,1.0,
1627783,2024-10-23,10.0,
1627783,2024-10-25,3.0,
1627783,2024-10-27,7.0,
1627783,2024-10-28,4.0,
1627783,2024-10-30,8.0,
1627783,2024-11-01,11.0,6.4
1627814,2024-10-26,1.0,
1627824,2024-10-23,2.0,
1627824,2024-10-25,2.0,
1627824,2024-10-27,5.0,
1627824,2024-10-30,3.0,
1627826,2024-10-23,2.0,
1627826,2024-10-26,7.0,
1627826,2024-10-27,6.0,
1627826,2024-10-30,3.0,
1627826,2024-10-31,5.0,
1627827,2024-10-23,5.0,
1627827,2024-10-25,0.0,
1627827,2024-10-27,4.0,
1627827,2024-10-29,3.0,
1627827,2024-10-30,4.0,
1627827,2024-11-01,0.0,3.2
1627832,2024-10-23,13.0,
1627832,2024-10-25,10.0,
1627832,2024-10-28,15.0,
1627832,2024-10-31,12.0,
1627884,2024-10-23,1.0,
1627884,2024-10-26,1.0,
1627884,2024-10-27,0.0,
1627884,2024-10-30,2.0,
1627884,2024-10-31,1.0,
1627936,2024-10-24,4.0,
1627936,2024-10-26,2.0,
1627936,2024-10-27,4.0,
1627936,2024-10-30,4.0,
1627936,2024-11-01,4.0,
1628366,2024-10-23,6.0,
1628366,2024-10-26,3.0,
1628366,2024-10-28,7.0,
1628368,2024-10-24,14.0,
1628368,2024-10-26,17.0,
1628368,2024-10-28,6.0,
1628368,2024-10-29,12.0,
1628368,2024-11-01,9.0,
1628369,2024-10-22,12.0,
1628369,2024-10-24,8.0,
1628369,2024-10-26,7.0,
1628369,2024-10-28,11.0,
1628369,2024-10-30,10.0,
1628369,2024-11-01,7.0,9.6
1628370,2024-10-24,6.0,
1628370,2024-10-26,6.0,
1628370,2024-10-28,4.0,
1628370,2024-10-29,4.0,
1628370,2024-11-01,11.0,
1628371,2024-10-23,0.0,
1628371,2024-10-30,0.0,
1628371,2024-11-01,1.0,
1628374,2024-10-23,4.0,
1628374,2024-10-25,5.0,
1628374,2024-10-28,5.0,
1628374,2024-10-29,2.0,
1628378,2024-10-23,6.0,
1628378,2024-10-25,7.0,
1628378,2024-10-26,7.0,
1628378,2024-10-28,7.0,
1628378,2024-10-30,15.0,
1628378,2024-11-01,2.0,8.4
1628380,2024-10-24,3.0,
1628380,2024-10-28,2.0,
1628380,2024-10-30,1.0,
1628380,2024-10-31,5.0,
1628381,2024-10-23,0.0,
1628381,2024-10-25,6.0,
1628381,2024-10-28,0.0,
1628381,2024-10-29,6.0,
1628381,2024-10-31,4.0,
1628384,2024-10-22,4.0,
1628384,2024-10-25,4.0,
1628384,2024-10-28,5.0,
1628384,2024-10-30,0.0,
1628384,2024-11-01,8.0,
1628386,2024-10-23,0.0,
1628386,2024-10-25,1.0,
1628386,2024-10-26,3.0,
1628386,2024-10-28,3.0,
1628386,2024-10-30,1.0,
1628386,2024-11-01,2.0,1.6
1628389,2024-10-23,4.0,
1628389,2024-10-26,6.0,
1628389,2024-10-28,6.0,
1628389,2024-10-30,4.0,
1628398,2024-10-24,3.0,
1628398,2024-10-26,8.0,
1628398,2024-10-28,11.0,
1628401,2024-10-22,6.0,
1628401,2024-10-24,9.0,
1628401,2024-10-26,5.0,
1628401,2024-10-28,8.0,
1628401,2024-10-30,6.0,
1628401,2024-11-01,7.0,6.8
1628404,2024-10-22,4.0,
1628404,2024-10-25,4.0,
1628404,2024-10-28,5.0,
1628404,2024-10-30,12.0,
1628404,2024-11-01,12.0,
1628415,2024-10-23,0.0,
1628415,2024-10-25,0.0,
1628415,2024-10-28,0.0,
1628415,2024-10-31,2.0,
1628418,2024-10-23,2.0,
1628418,2024-10-26,2.0,
1628418,2024-10-28,2.0,
1628418,2024-10-30,0.0,
1628420,2024-10-23,5.0,
1628420,2024-10-25,4.0,
1628420,2024-10-26,5.0,
1628420,2024-10-28,0.0,
1628420,2024-10-31,1.0,
1628427,2024-10-24,1.0,
1628436,2024-10-22,2.0,
1628436,2024-10-24,1.0,
1628436,2024-10-26,6.0,
1628436,2024-10-28,3.0,
1628436,2024-10-30,3.0,
1628436,2024-11-01,3.0,3.0
1628449,2024-10-23,2.0,
1628449,2024-10-25,2.0,
1628449,2024-10-26,0.0,
1628449,2024-10-28,1.0,
1628449,2024-10-30,1.0,
1628449,2024-11-01,2.0,1.2
1628464,2024-10-23,3.0,
1628464,2024-10-25,5.0,
1628464,2024-10-27,1.0,
1628464,2024-10-29,4.0,
1628464,2024-10-30,0.0,
1628464,2024-11-01,0.0,2.6
1628467,2024-10-24,2.0,
1628467,2024-10-26,1.0,
1628470,2024-10-30,0.0,
1628960,2024-10-23,2.0,
1628960,2024-10-28,2.0,
1628960,2024-10-31,5.0,
1628963,2024-10-24,1.0,
1628963,2024-10-26,1.0,
1628963,2024-10-28,0.0,
1628963,2024-10-30,2.0,
1628969,2024-10-22,1.0,
1628969,2024-10-25,4.0,
1628969,2024-10-28,5.0,
1628969,2024-10-30,8.0,
1628969,2024-11-01,6.0,
1628970,2024-10-23,2.0,
1628970,2024-10-25,3.0,
1628970,2024-10-26,3.0,
1628970,2024-10-30,6.0,
1628970,2024-11-01,3.0,
1628973,2024-10-22,4.0,
1628973,2024-10-25,9.0,
1628973,2024-10-28,8.0,
1628973,2024-10-30,16.0,
1628973,2024-11-01,9.0,
1628975,2024-10-26,1.0,
1628976,2024-10-23,2.0,
1628976,2024-10-25,6.0,
1628976,2024-10-26,5.0,
1628976,2024-10-28,1.0,
1628976,2024-10-30,1.0,
1628978,2024-10-22,6.0,
1628978,2024-10-24,4.0,
1628978,2024-10-26,3.0,
1628978,2024-10-29,7.0,
1628978,2024-11-01,8.0,
1628981,2024-10-23,0.0,
1628981,2024-10-25,0.0,
1628981,2024-10-26,3.0,
1628981,2024-10-30,0.0,
1628983,2024-10-24,16.0,
1628983,2024-10-26,9.0,
1628983,2024-10-27,16.0,
1628983,2024-10-30,7.0,
1628983,2024-11-01,12.0,
1628988,2024-10-25,1.0,
1628989,2024-10-24,1.0,
1628989,2024-10-26,5.0,
1628989,2024-10-28,4.0,
1628989,2024-10-29,5.0,
1628989,2024-11-01,5.0,
1628991,2024-10-26,2.0,
1628991,2024-10-28,6.0,
1628991,2024-10-30,2.0,
1628991,2024-10-31,3.0,
1628997,2024-10-23,4.0,
1628997,2024-10-25,3.0,
1628997,2024-10-27,6.0,
1628997,2024-10-30,2.0,
1628998,2024-10-23,2.0,
1628998,2024-10-25,3.0,
1628998,2024-10-26,4.0,
1628998,2024-10-30,2.0,
1628998,2024-11-01,3.0,
1629001,2024-10-23,8.0,
1629001,2024-10-25,6.0,
1629001,2024-10-27,3.0,
1629003,2024-10-23,0.0,
1629003,2024-10-25,6.0,
1629003,2024-10-27,1.0,
1629003,2024-10-29,4.0,
1629003,2024-10-30,1.0,
1629008,2024-10-24,4.0,
1629008,2024-10-26,4.0,
1629008,2024-10-28,5.0,
1629008,2024-10-29,2.0,
1629008,2024-11-01,7.0,
1629012,2024-10-23,7.0,
1629012,2024-10-25,8.0,
1629012,2024-10-28,12.0,
1629012,2024-10-29,5.0,
1629012,2024-10-31,6.0,
1629014,2024-10-23,11.0,
1629014,2024-10-25,13.0,
1629014,2024-10-27,6.0,
1629014,2024-10-28,8.0,
1629014,2024-10-30,12.0,
1629014,2024-11-01,10.0,10.0
1629018,2024-10-23,1.0,
1629018,2024-10-25,2.0,
1629018,2024-10-27,1.0,
1629018,2024-10-28,6.0,
1629018,2024-10-31,1.0,
1629021,2024-10-23,2.0,
1629021,2024-10-25,0.0,
1629021,2024-10-26,0.0,
1629021,2024-10-28,1.0,
1629021,2024-10-30,2.0,
1629021,2024-11-01,2.0,1.0
1629023,2024-10-24,3.0,
1629023,2024-10-26,1.0,
1629023,2024-10-28,3.0,
1629023,2024-10-29,4.0,
1629023,2024-10-31,0.0,
1629027,2024-10-23,21.0,
1629027,2024-10-25,18.0,
1629027,2024-10-27,15.0,
1629027,2024-10-28,19.0,
1629027,2024-10-30,26.0,
1629027,2024-11-01,26.0,19.8
1629028,2024-10-23,3.0,
1629028,2024-10-25,2.0,
1629028,2024-10-27,2.0,
1629028,2024-10-28,1.0,
1629028,2024-10-30,5.0,
1629028,2024-11-01,2.0,2.6
1629029,2024-10-24,16.0,
1629029,2024-10-26,15.0,
1629029,2024-10-28,13.0,
1629029,2024-10-29,14.0,
1629029,2024-10-31,10.0,
1629048,2024-10-23,1.0,
1629048,2024-10-25,0.0,
1629048,2024-10-26,0.0,
1629060,2024-10-22,3.0,
1629060,2024-10-25,3.0,
1629060,2024-10-26,2.0,
1629060,2024-10-28,1.0,
1629060,2024-10-30,3.0,
1629060,2024-11-01,1.0,2.4
1629111,2024-10-23,4.0,
1629111,2024-10-25,1.0,
1629130,2024-10-23,3.0,
1629130,2024-10-26,2.0,
1629130,2024-10-28,1.0,
1629130,2024-10-30,0.0,
1629162,2024-10-26,1.0,
1629162,2024-10-28,1.0,
1629162,2024-10-29,2.0,
1629216,2024-10-22,1.0,
1629216,2024-10-25,1.0,
1629216,2024-10-26,1.0,
1629216,2024-10-28,0.0,
1629216,2024-10-30,1.0,
1629216,2024-11-01,1.0,0.8
1629234,2024-10-25,1.0,
1629234,2024-10-29,1.0,
1629234,2024-10-31,2.0,
1629312,2024-10-23,4.0,
1629312,2024-10-28,1.0,
1629599,2024-10-23,1.0,
1629599,2024-10-26,6.0,
1629599,2024-10-27,1.0,
1629599,2024-10-30,3.0,
1629599,2024-10-31,0.0,
1629611,2024-10-23,3.0,
1629611,2024-10-26,1.0,
1629611,2024-10-27,0.0,
1629611,2024-10-30,4.0,
1629611,2024-10-31,3.0,
1629614,2024-10-23,11.0,
1629614,2024-10-25,6.0,
1629614,2024-10-27,9.0,
1629614,2024-10-28,14.0,
1629614,2024-10-30,2.0,
1629618,2024-10-24,1.0,
1629627,2024-10-25,6.0,
1629627,2024-10-27,6.0,
1629627,2024-10-29,4.0,
1629627,2024-10-30,14.0,
1629627,2024-11-01,11.0,
1629628,2024-10-28,6.0,
1629628,2024-10-30,13.0,
1629628,2024-11-01,13.0,
1629629,2024-10-30,0.0,
1629630,2024-10-23,19.0,
1629630,2024-10-25,9.0,
1629630,2024-10-26,12.0,
1629630,2024-10-30,16.0,
1629630,2024-10-31,25.0,
1629631,2024-10-23,3.0,
1629631,2024-10-25,4.0,
1629632,2024-10-23,6.0,
1629632,2024-10-25,12.0,
1629632,2024-10-26,11.0,
1629632,2024-10-28,14.0,
1629632,2024-10-30,5.0,
1629632,2024-11-01,12.0,9.6
1629634,2024-10-23,2.0,
1629634,2024-10-25,1.0,
1629634,2024-10-26,4.0,
1629634,2024-10-28,2.0,
1629634,2024-10-30,1.0,
1629634,2024-10-31,2.0,2.0
1629636,2024-10-23,8.0,
1629636,2024-10-25,11.0,
1629636,2024-10-26,8.0,
1629636,2024-10-28,9.0,
1629636,2024-10-30,8.0,
1629636,2024-11-01,6.0,8.8
1629637,2024-10-22,4.0,
1629637,2024-10-25,5.0,
1629637,2024-10-26,1.0,
1629637,2024-10-28,1.0,
1629637,2024-10-30,2.0,
1629637,2024-11-01,2.0,2.6
1629638,2024-10-22,1.0,
1629638,2024-10-24,3.0,
1629638,2024-10-26,5.0,
1629638,2024-10-29,3.0,
1629638,2024-11-01,9.0,
1629639,2024-10-23,9.0,
1629639,2024-10-26,9.0,
1629639,2024-10-28,9.0,
1629639,2024-10-30,9.0,
1629640,2024-10-24,5.0,
1629640,2024-10-28,0.0,
1629640,2024-10-30,4.0,
1629640,2024-10-31,0.0,
1629645,2024-10-23,5.0,
1629645,2024-10-26,4.0,
1629645,2024-10-27,6.0,
1629645,2024-10-30,4.0,
1629645,2024-10-31,3.0,
1629646,2024-10-24,1.0,
1629646,2024-10-31,0.0,
1629651,2024-10-23,1.0,
1629651,2024-10-25,2.0,
1629651,2024-10-27,1.0,
1629651,2024-10-29,4.0,
1629651,2024-11-01,5.0,
1629652,2024-10-24,3.0,
1629652,2024-10-26,6.0,
1629652,2024-10-27,2.0,
1629652,2024-10-30,3.0,
1629652,2024-11-01,2.0,
1629655,2024-10-24,1.0,
1629655,2024-10-26,4.0,
1629655,2024-10-28,1.0,
1629655,2024-10-29,3.0,
1629655,2024-10-31,1.0,
1629656,2024-10-24,0.0,
1629656,2024-10-26,1.0,
1629656,2024-10-28,2.0,
1629656,2024-10-29,0.0,
1629656,2024-10-31,0.0,
1629659,2024-10-23,3.0,
1629659,2024-10-25,0.0,
1629659,2024-10-26,1.0,
1629659,2024-11-01,1.0,
1629660,2024-10-23,10.0,
1629660,2024-10-25,5.0,
1629660,2024-10-26,5.0,
1629660,2024-10-28,1.0,
1629660,2024-10-30,7.0,
1629660,2024-11-01,3.0,5.6
1629661,2024-10-23,2.0,
1629661,2024-10-25,4.0,
1629661,2024-10-27,6.0,
1629661,2024-10-29,8.0,
1629661,2024-10-30,4.0,
1629661,2024-11-01,5.0,4.8
1629673,2024-10-24,16.0,
1629673,2024-10-26,14.0,
1629673,2024-10-28,12.0,
1629673,2024-10-30,19.0,
1629674,2024-10-22,0.0,
1629674,2024-10-24,2.0,
1629674,2024-10-28,1.0,
1629674,2024-10-30,2.0,
1629674,2024-11-01,4.0,
1629675,2024-10-22,3.0,
1629675,2024-10-24,5.0,
1629675,2024-10-26,2.0,
1629675,2024-10-29,1.0,
1629675,2024-11-01,1.0,
1629684,2024-10-23,1.0,
1629684,2024-10-25,8.0,
1629684,2024-10-26,1.0,
1629684,2024-10-30,5.0,
1629684,2024-11-01,7.0,
1629723,2024-10-23,1.0,
1629723,2024-10-25,2.0,
1629723,2024-10-30,1.0,
1629726,2024-10-25,1.0,
1629726,2024-10-27,4.0,
1629726,2024-10-28,2.0,
1629726,2024-10-30,2.0,
1629726,2024-11-01,3.0,
1629731,2024-10-23,1.0,
1629731,2024-10-25,0.0,
1629731,2024-10-26,0.0,
1629731,2024-10-28,7.0,
1629731,2024-10-30,2.0,
1629731,2024-11-01,1.0,2.0
1629750,2024-10-23,1.0,
1629750,2024-10-25,1.0,
1629750,2024-10-27,1.0,
1629750,2024-10-29,1.0,
1629750,2024-10-30,2.0,
1629750,2024-11-01,0.0,1.2
1630162,2024-10-22,11.0,
1630162,2024-10-24,8.0,
1630162,2024-10-26,8.0,
1630162,2024-10-29,6.0,
1630162,2024-11-01,7.0,
1630163,2024-10-23,19.0,
1630163,2024-10-25,11.0,
1630163,2024-10-26,18.0,
1630163,2024-10-30,17.0,
1630163,2024-11-01,7.0,
1630164,2024-10-23,0.0,
1630166,2024-10-23,10.0,
1630166,2024-10-25,10.0,
1630166,2024-10-27,5.0,
1630166,2024-10-28,5.0,
1630166,2024-10-30,5.0,
1630166,2024-11-01,7.0,7.0
1630167,2024-10-23,2.0,
1630167,2024-10-25,5.0,
1630167,2024-10-27,1.0,
1630167,2024-10-28,1.0,
1630167,2024-10-30,2.0,
1630167,2024-11-01,0.0,2.2
1630168,2024-10-23,1.0,
1630168,2024-10-25,5.0,
1630168,2024-10-27,1.0,
1630168,2024-10-30,1.0,
1630168,2024-11-01,1.0,
1630169,2024-10-23,12.0,
1630169,2024-10-25,10.0,
1630169,2024-10-27,6.0,
1630169,2024-10-28,12.0,
1630169,2024-10-30,22.0,
1630169,2024-11-01,24.0,12.4
1630171,2024-10-23,3.0,
1630171,2024-10-25,5.0,
1630171,2024-10-26,1.0,
1630171,2024-10-28,1.0,
1630171,2024-10-30,0.0,
1630171,2024-11-01,2.0,2.0
1630172,2024-10-23,2.0,
1630172,2024-10-25,2.0,
1630172,2024-10-26,6.0,
1630172,2024-10-28,2.0,
1630172,2024-10-30,0.0,
1630172,2024-11-01,2.0,2.4
1630174,2024-10-23,1.0,
1630174,2024-10-25,1.0,
1630174,2024-10-27,3.0,
1630174,2024-10-28,1.0,
1630174,2024-10-30,3.0,
1630174,2024-11-01,1.0,1.8
1630175,2024-10-23,12.0,
1630175,2024-10-25,4.0,
1630175,2024-10-26,2.0,
1630175,2024-10-28,6.0,
1630175,2024-11-01,2.0,
1630178,2024-10-23,10.0,
1630178,2024-10-25,7.0,
1630178,2024-10-27,13.0,
1630178,2024-10-30,8.0,
1630182,2024-10-25,3.0,
1630182,2024-10-30,3.0,
1630182,2024-11-01,3.0,
1630183,2024-10-22,2.0,
1630183,2024-10-24,4.0,
1630183,2024-10-26,4.0,
1630183,2024-10-29,3.0,
1630183,2024-11-01,3.0,
1630188,2024-10-23,0.0,
1630188,2024-10-25,4.0,
1630188,2024-10-26,0.0,
1630188,2024-10-28,1.0,
1630188,2024-11-01,0.0,
1630191,2024-10-23,2.0,
1630191,2024-10-25,1.0,
1630191,2024-10-26,3.0,
1630191,2024-10-28,1.0,
1630191,2024-10-30,6.0,
1630191,2024-11-01,4.0,2.6
1630192,2024-10-24,0.0,
1630193,2024-10-23,6.0,
1630194,2024-10-25,1.0,
1630194,2024-11-01,1.0,
1630198,2024-10-24,1.0,
1630198,2024-10-26,2.0,
1630198,2024-10-27,3.0,
1630198,2024-10-30,4.0,
1630198,2024-11-01,6.0,
1630200,2024-10-24,4.0,
1630202,2024-10-22,9.0,
1630202,2024-10-24,2.0,
1630202,2024-10-26,0.0,
1630202,2024-10-28,4.0,
1630202,2024-10-30,10.0,
1630202,2024-11-01,4.0,5.0
1630208,2024-10-23,1.0,
1630208,2024-10-25,3.0,
1630208,2024-10-26,2.0,
1630208,2024-10-30,5.0,
1630208,2024-11-01,2.0,
1630214,2024-10-22,5.0,
1630214,2024-10-24,1.0,
1630214,2024-10-26,1.0,
1630214,2024-10-28,2.0,
1630214,2024-10-30,0.0,
1630215,2024-10-24,5.0,
1630215,2024-10-26,8.0,
1630215,2024-10-30,3.0,
1630217,2024-10-23,8.0,
1630217,2024-10-25,5.0,
1630217,2024-10-26,5.0,
1630217,2024-10-28,9.0,
1630217,2024-10-30,4.0,
1630224,2024-10-23,1.0,
1630224,2024-10-25,10.0,
1630224,2024-10-28,2.0,
1630224,2024-10-31,7.0,
1630228,2024-10-23,2.0,
1630228,2024-10-25,1.0,
1630228,2024-10-27,3.0,
1630228,2024-10-29,4.0,
1630228,2024-10-30,5.0,
1630230,2024-10-24,4.0,
1630230,2024-10-26,3.0,
1630230,2024-10-28,3.0,
1630230,2024-10-29,8.0,
1630230,2024-10-31,4.0,
1630231,2024-10-23,1.0,
1630231,2024-10-25,5.0,
1630231,2024-10-27,1.0,
1630231,2024-10-30,1.0,
1630241,2024-10-23,2.0,
1630241,2024-10-25,2.0,
1630241,2024-10-26,3.0,
1630241,2024-10-28,4.0,
1630241,2024-10-30,3.0,
1630241,2024-11-01,4.0,2.8
1630243,2024-10-26,0.0,
1630245,2024-10-23,5.0,
1630245,2024-10-25,6.0,
1630245,2024-10-26,10.0,
1630245,2024-10-28,8.0,
1630245,2024-10-30,7.0,
1630245,2024-11-01,5.0,7.2
1630249,2024-10-23,4.0,
1630249,2024-10-25,2.0,
1630249,2024-10-27,3.0,
1630249,2024-10-28,3.0,
1630256,2024-10-25,1.0,
1630264,2024-10-24,1.0,
1630264,2024-10-30,0.0,
1630288,2024-10-23,1.0,
1630311,2024-10-29,0.0,
1630311,2024-10-30,2.0,
1630314,2024-10-28,0.0,
1630322,2024-10-23,0.0,
1630322,2024-10-25,1.0,
1630322,2024-10-27,0.0,
1630322,2024-10-29,6.0,
1630322,2024-10-30,3.0,
1630526,2024-10-23,1.0,
1630526,2024-10-25,0.0,
1630526,2024-10-27,0.0,
1630526,2024-10-29,0.0,
1630526,2024-10-30,2.0,
1630526,2024-11-01,1.0,0.6
1630527,2024-10-29,0.0,
1630527,2024-10-30,2.0,
1630527,2024-11-01,2.0,
1630529,2024-10-23,4.0,
1630529,2024-10-25,1.0,
1630529,2024-10-27,1.0,
1630529,2024-10-29,2.0,
1630531,2024-10-24,2.0,
1630531,2024-10-28,1.0,
1630531,2024-11-01,0.0,
1630532,2024-10-23,8.0,
1630532,2024-10-25,6.0,
1630532,2024-10-26,7.0,
1630532,2024-10-28,4.0,
1630532,2024-10-30,9.0,
1630532,2024-11-01,8.0,6.8
1630533,2024-10-23,2.0,
1630533,2024-10-25,2.0,
1630533,2024-10-27,2.0,
1630533,2024-10-29,4.0,
1630533,2024-10-30,3.0,
1630533,2024-11-01,1.0,2.6
1630534,2024-10-23,7.0,
1630534,2024-10-25,4.0,
1630534,2024-10-26,2.0,
1630534,2024-10-28,2.0,
1630534,2024-10-30,5.0,
1630534,2024-11-01,5.0,4.0
1630537,2024-10-23,0.0,
1630537,2024-10-26,0.0,
1630539,2024-10-23,1.0,
1630539,2024-10-26,0.0,
1630539,2024-10-27,0.0,
1630539,2024-10-30,3.0,
1630539,2024-10-31,0.0,
1630540,2024-10-22,7.0,
1630540,2024-10-25,3.0,
1630540,2024-10-28,5.0,
1630540,2024-10-30,6.0,
1630540,2024-11-01,3.0,
1630541,2024-10-23,3.0,
1630541,2024-10-25,4.0,
1630541,2024-10-27,0.0,
1630541,2024-10-29,2.0,
1630541,2024-10-30,3.0,
1630543,2024-10-25,2.0,
1630543,2024-10-27,2.0,
1630543,2024-10-28,3.0,
1630543,2024-10-30,0.0,
1630543,2024-11-01,2.0,
1630544,2024-10-23,2.0,
1630544,2024-10-25,8.0,
1630544,2024-10-26,6.0,
1630544,2024-10-30,6.0,
1630544,2024-11-01,6.0,
1630548,2024-10-29,1.0,
1630548,2024-10-31,0.0,
1630551,2024-10-24,1.0,
1630552,2024-10-23,9.0,
1630552,2024-10-25,10.0,
1630552,2024-10-27,7.0,
1630552,2024-10-28,12.0,
1630552,2024-10-30,6.0,
1630552,2024-11-01,17.0,8.8
1630553,2024-10-25,0.0,
1630553,2024-10-27,1.0,
1630553,2024-10-29,1.0,
1630553,2024-10-30,5.0,
1630553,2024-11-01,1.0,
1630556,2024-10-28,0.0,
1630557,2024-10-24,4.0,
1630557,2024-10-26,3.0,
1630557,2024-10-28,1.0,
1630557,2024-10-30,3.0,
1630558,2024-10-23,5.0,
1630558,2024-10-25,8.0,
1630558,2024-10-26,12.0,
1630558,2024-10-28,4.0,
1630558,2024-10-30,15.0,
1630558,2024-11-01,12.0,8.8
1630559,2024-10-22,8.0,
1630559,2024-10-25,9.0,
1630559,2024-10-26,12.0,
1630559,2024-10-28,10.0,
1630559,2024-10-30,8.0,
1630559,2024-11-01,7.0,9.4
1630560,2024-10-23,8.0,
1630560,2024-10-25,5.0,
1630560,2024-10-27,11.0,
1630560,2024-10-29,7.0,
1630560,2024-10-30,5.0,
1630560,2024-11-01,8.0,7.2
1630567,2024-10-23,7.0,
1630567,2024-10-25,9.0,
1630567,2024-10-26,14.0,
1630567,2024-10-28,19.0,
1630572,2024-10-24,0.0,
1630572,2024-10-30,1.0,
1630572,2024-10-31,0.0,
1630573,2024-10-22,2.0,
1630573,2024-10-30,2.0,
1630573,2024-11-01,2.0,
1630574,2024-10-22,0.0,
1630574,2024-10-25,0.0,
1630574,2024-10-28,0.0,
1630574,2024-11-01,0.0,
1630577,2024-10-24,3.0,
1630577,2024-10-28,4.0,
1630577,2024-10-30,0.0,
1630577,2024-10-31,5.0,
1630578,2024-10-23,8.0,
1630578,2024-10-25,4.0,
1630578,2024-10-28,11.0,
1630578,2024-10-31,10.0,
1630579,2024-10-22,5.0,
1630579,2024-10-25,0.0,
1630579,2024-10-28,1.0,
1630579,2024-10-30,0.0,
1630579,2024-11-01,0.0,
1630581,2024-10-23,6.0,
1630581,2024-10-25,11.0,
1630581,2024-10-26,12.0,
1630581,2024-10-28,12.0,
1630581,2024-10-30,13.0,
1630581,2024-11-01,14.0,10.8
1630583,2024-10-23,2.0,
1630583,2024-10-25,2.0,
1630583,2024-10-26,7.0,
1630583,2024-10-28,8.0,
1630583,2024-10-30,2.0,
1630583,2024-10-31,4.0,4.2
1630590,2024-10-23,10.0,
1630590,2024-10-25,8.0,
1630590,2024-10-26,11.0,
1630590,2024-10-28,11.0,
1630590,2024-10-30,7.0,
1630590,2024-10-31,5.0,9.4
1630591,2024-10-23,5.0,
1630591,2024-10-25,5.0,
1630591,2024-10-26,11.0,
1630591,2024-10-28,16.0,
1630591,2024-10-30,12.0,
1630591,2024-11-01,9.0,9.8
1630592,2024-10-23,2.0,
1630592,2024-10-25,4.0,
1630592,2024-10-27,2.0,
1630592,2024-10-29,2.0,
1630592,2024-10-30,3.0,
1630592,2024-11-01,3.0,2.6
1630595,2024-10-23,13.0,
1630595,2024-10-25,9.0,
1630595,2024-10-26,15.0,
1630595,2024-10-28,14.0,
1630595,2024-10-30,14.0,
1630595,2024-11-01,10.0,13.0
1630596,2024-10-23,5.0,
1630596,2024-10-25,6.0,
1630596,2024-10-26,6.0,
1630596,2024-10-28,5.0,
1630596,2024-10-30,1.0,
1630596,2024-11-01,6.0,4.6
1630598,2024-10-24,2.0,
1630598,2024-10-26,2.0,
1630598,2024-10-27,1.0,
1630598,2024-10-30,2.0,
1630598,2024-11-01,1.0,
1630611,2024-10-23,2.0,
1630611,2024-10-25,1.0,
1630611,2024-10-29,1.0,
1630611,2024-10-30,0.0,
1630618,2024-10-25,4.0,
1630618,2024-10-26,3.0,
1630618,2024-10-28,0.0,
1630618,2024-11-01,0.0,
1630625,2024-10-23,2.0,
1630625,2024-10-27,3.0,
1630625,2024-10-28,0.0,
1630625,2024-11-01,5.0,
1630631,2024-10-23,7.0,
1630631,2024-10-25,4.0,
1630631,2024-10-27,5.0,
1630631,2024-10-29,6.0,
1630631,2024-10-30,10.0,
1630631,2024-11-01,10.0,6.4
1630643,2024-10-23,3.0,
1630643,2024-10-25,2.0,
1630643,2024-10-26,1.0,
1630643,2024-10-28,4.0,
1630643,2024-10-30,0.0,
1630643,2024-10-31,2.0,2.0
1630644,2024-10-26,4.0,
1630658,2024-10-31,0.0,
1630696,2024-10-23,1.0,
1630696,2024-10-26,1.0,
1630696,2024-10-30,5.0,
1630699,2024-10-23,0.0,
1630699,2024-10-25,0.0,
1630699,2024-10-27,0.0,
1630699,2024-10-28,0.0,
1630699,2024-10-31,1.0,
1630700,2024-10-23,5.0,
1630700,2024-10-25,6.0,
1630700,2024-10-27,7.0,
1630700,2024-10-28,4.0,
1630702,2024-10-24,6.0,
1630702,2024-10-26,0.0,
1630702,2024-10-28,0.0,
1630702,2024-10-29,0.0,
1630702,2024-10-31,2.0,
1630703,2024-10-23,11.0,
1630703,2024-10-25,11.0,
1630703,2024-10-27,16.0,
1630703,2024-10-28,14.0,
1630703,2024-10-30,7.0,
1630703,2024-11-01,12.0,11.8
1630811,2024-10-27,1.0,
1630811,2024-10-28,0.0,
1630811,2024-10-30,4.0,
1630811,2024-11-01,8.0,
1631093,2024-10-23,10.0,
1631093,2024-10-25,6.0,
1631093,2024-10-26,10.0,
1631093,2024-10-28,5.0,
1631093,2024-10-30,10.0,
1631093,2024-11-01,3.0,8.2
1631094,2024-10-23,5.0,
1631094,2024-10-25,14.0,
1631094,2024-10-26,8.0,
1631094,2024-10-28,15.0,
1631094,2024-10-30,13.0,
1631095,2024-10-23,1.0,
1631095,2024-10-25,5.0,
1631095,2024-10-28,2.0,
1631095,2024-10-31,2.0,
1631096,2024-10-24,8.0,
1631096,2024-10-26,3.0,
1631096,2024-10-27,4.0,
1631096,2024-10-30,3.0,
1631096,2024-11-01,3.0,
1631097,2024-10-23,3.0,
1631097,2024-10-25,1.0,
1631097,2024-10-27,1.0,
1631097,2024-10-28,0.0,
1631097,2024-10-30,8.0,
1631097,2024-11-01,6.0,2.6
1631098,2024-10-24,0.0,
1631098,2024-10-26,1.0,
1631098,2024-10-30,0.0,
1631099,2024-10-24,1.0,
1631099,2024-10-26,4.0,
1631099,2024-10-28,3.0,
1631099,2024-10-29,2.0,
1631099,2024-11-01,5.0,
1631103,2024-10-24,0.0,
1631103,2024-10-28,2.0,
1631103,2024-10-30,2.0,
1631103,2024-10-31,5.0,
1631104,2024-10-24,4.0,
1631104,2024-10-28,2.0,
1631104,2024-10-30,1.0,
1631104,2024-10-31,1.0,
1631105,2024-10-23,4.0,
1631105,2024-10-25,5.0,
1631105,2024-10-26,5.0,
1631105,2024-10-28,6.0,
1631105,2024-10-30,3.0,
1631105,2024-11-01,3.0,4.6
1631106,2024-10-23,2.0,
1631106,2024-10-25,2.0,
1631106,2024-10-28,2.0,
1631106,2024-10-31,2.0,
1631107,2024-10-23,8.0,
1631107,2024-10-26,5.0,
1631107,2024-10-28,4.0,
1631107,2024-10-30,4.0,
1631108,2024-10-22,4.0,
1631108,2024-10-25,0.0,
1631108,2024-10-26,4.0,
1631108,2024-10-28,2.0,
1631108,2024-10-30,0.0,
1631108,2024-11-01,0.0,2.0
1631110,2024-10-24,6.0,
1631110,2024-10-28,3.0,
1631110,2024-10-30,6.0,
1631110,2024-10-31,6.0,
1631111,2024-10-25,1.0,
1631111,2024-11-01,1.0,
1631114,2024-10-24,7.0,
1631114,2024-10-26,14.0,
1631114,2024-10-27,7.0,
1631114,2024-10-30,5.0,
1631114,2024-11-01,7.0,
1631116,2024-10-24,1.0,
1631116,2024-10-26,0.0,
1631116,2024-10-30,0.0,
1631117,2024-10-23,1.0,
1631117,2024-10-25,3.0,
1631117,2024-10-28,4.0,
1631117,2024-10-29,5.0,
1631117,2024-10-31,2.0,
1631120,2024-10-24,5.0,
1631120,2024-11-01,0.0,
1631124,2024-10-24,2.0,
1631124,2024-10-26,5.0,
1631124,2024-10-28,0.0,
1631124,2024-10-29,2.0,
1631124,2024-11-01,3.0,
1631128,2024-10-24,3.0,
1631128,2024-10-26,2.0,
1631128,2024-10-28,3.0,
1631128,2024-10-29,3.0,
1631128,2024-11-01,4.0,
1631133,2024-10-23,0.0,
1631133,2024-10-25,1.0,
1631133,2024-10-27,1.0,
1631133,2024-10-28,0.0,
1631133,2024-10-30,1.0,
1631133,2024-11-01,2.0,0.6
1631157,2024-10-23,0.0,
1631157,2024-10-25,1.0,
1631157,2024-10-28,0.0,
1631157,2024-10-31,3.0,
1631165,2024-10-24,1.0,
1631165,2024-10-28,2.0,
1631165,2024-10-29,6.0,
1631165,2024-11-01,4.0,
1631170,2024-10-23,4.0,
1631170,2024-10-26,3.0,
1631170,2024-10-28,5.0,
1631170,2024-10-30,6.0,
1631172,2024-10-24,1.0,
1631172,2024-10-26,2.0,
1631172,2024-10-27,2.0,
1631172,2024-10-30,3.0,
1631172,2024-11-01,5.0,
1631200,2024-10-23,2.0,
1631200,2024-10-25,3.0,
1631200,2024-10-27,2.0,
1631200,2024-10-28,1.0,
1631200,2024-10-30,4.0,
1631200,2024-11-01,2.0,2.4
1631204,2024-10-23,1.0,
1631204,2024-10-25,1.0,
1631204,2024-11-01,5.0,
1631207,2024-10-23,0.0,
1631207,2024-10-25,4.0,
1631207,2024-10-26,0.0,
1631207,2024-10-28,7.0,
1631207,2024-10-30,0.0,
1631207,2024-11-01,2.0,2.2
1631210,2024-10-22,0.0,
1631210,2024-10-25,0.0,
1631210,2024-11-01,0.0,
1631212,2024-10-24,2.0,
1631212,2024-10-26,0.0,
1631212,2024-10-28,2.0,
1631212,2024-10-29,1.0,
1631212,2024-11-01,1.0,
1631213,2024-10-30,0.0,
1631216,2024-10-23,1.0,
1631216,2024-10-26,0.0,
1631216,2024-11-01,0.0,
1631217,2024-10-23,1.0,
1631217,2024-10-25,0.0,
1631217,2024-10-26,0.0,
1631217,2024-10-30,3.0,
1631217,2024-11-01,3.0,
1631218,2024-10-23,7.0,
1631218,2024-10-25,6.0,
1631218,2024-10-27,2.0,
1631218,2024-10-29,4.0,
1631218,2024-10-30,7.0,
1631221,2024-10-26,0.0,
1631222,2024-10-23,1.0,
1631222,2024-10-25,6.0,
1631222,2024-10-26,3.0,
1631222,2024-10-28,4.0,
1631222,2024-10-30,5.0,
1631222,2024-10-31,5.0,3.8
1631223,2024-10-27,5.0,
1631223,2024-10-28,3.0,
1631223,2024-10-30,4.0,
1631223,2024-11-01,4.0,
1631243,2024-10-27,0.0,
1631245,2024-10-25,1.0,
1631247,2024-11-01,3.0,
1631248,2024-10-24,0.0,
1631248,2024-10-28,0.0,
1631255,2024-10-23,0.0,
1631255,2024-10-27,1.0,
1631260,2024-10-23,2.0,
1631260,2024-10-25,1.0,
1631260,2024-10-27,2.0,
1631260,2024-10-28,1.0,
1631260,2024-10-31,0.0,
1631288,2024-10-29,0.0,
1631288,2024-10-30,1.0,
1631288,2024-11-01,1.0,
1631311,2024-10-23,0.0,
1631321,2024-10-30,1.0,
1631321,2024-10-31,1.0,
1631323,2024-10-23,1.0,
1631323,2024-10-25,1.0,
1631323,2024-10-26,2.0,
1631323,2024-10-28,2.0,
1631323,2024-10-30,3.0,
1631323,2024-11-01,1.0,1.8
1631466,2024-10-25,1.0,
1641705,2024-10-24,5.0,
1641705,2024-10-28,9.0,
1641705,2024-10-30,6.0,
1641705,2024-10-31,10.0,
1641706,2024-10-23,3.0,
1641707,2024-10-23,1.0,
1641707,2024-10-25,0.0,
1641707,2024-10-28,1.0,
1641708,2024-10-23,5.0,
1641708,2024-10-25,6.0,
1641708,2024-10-28,5.0,
1641708,2024-10-31,2.0,
1641710,2024-10-23,8.0,
1641710,2024-10-25,6.0,
1641710,2024-10-26,9.0,
1641710,2024-10-28,5.0,
1641710,2024-10-30,10.0,
1641710,2024-11-01,3.0,7.6
1641711,2024-10-23,1.0,
1641711,2024-10-25,3.0,
1641711,2024-10-26,1.0,
1641711,2024-10-28,3.0,
1641711,2024-10-30,2.0,
1641711,2024-11-01,4.0,2.0
1641712,2024-10-23,1.0,
1641712,2024-10-27,2.0,
1641712,2024-10-28,2.0,
1641712,2024-10-30,1.0,
1641712,2024-11-01,4.0,
1641715,2024-10-23,0.0,
1641715,2024-10-25,1.0,
1641715,2024-10-28,0.0,
1641715,2024-10-31,1.0,
1641716,2024-10-23,1.0,
1641716,2024-10-25,4.0,
1641716,2024-10-27,0.0,
1641716,2024-10-28,1.0,
1641716,2024-10-30,0.0,
1641716,2024-11-01,1.0,1.2
1641717,2024-10-24,2.0,
1641717,2024-10-26,4.0,
1641717,2024-10-27,3.0,
1641717,2024-10-30,3.0,
1641717,2024-11-01,5.0,
1641718,2024-10-23,8.0,
1641718,2024-10-25,7.0,
1641718,2024-10-28,12.0,
1641718,2024-10-29,15.0,
1641718,2024-10-31,7.0,
1641722,2024-10-23,1.0,
1641722,2024-10-25,2.0,
1641722,2024-10-27,2.0,
1641722,2024-10-29,2.0,
1641722,2024-10-30,3.0,
1641722,2024-11-01,3.0,2.0
1641724,2024-10-23,2.0,
1641724,2024-10-25,0.0,
1641724,2024-10-26,0.0,
1641724,2024-10-28,3.0,
1641724,2024-10-30,2.0,
1641724,2024-11-01,1.0,1.4
1641725,2024-10-24,1.0,
1641726,2024-10-24,6.0,
1641726,2024-10-26,7.0,
1641726,2024-10-28,1.0,
1641726,2024-10-29,2.0,
1641726,2024-10-31,1.0,
1641727,2024-10-27,0.0,
1641729,2024-10-23,0.0,
1641729,2024-10-25,2.0,
1641729,2024-10-28,1.0,
1641729,2024-10-29,2.0,
1641729,2024-10-31,4.0,
1641730,2024-10-23,1.0,
1641730,2024-10-25,0.0,
1641730,2024-10-27,1.0,
1641730,2024-10-29,3.0,
1641730,2024-10-30,0.0,
1641730,2024-11-01,2.0,1.0
1641731,2024-10-24,10.0,
1641731,2024-10-26,3.0,
1641731,2024-10-28,2.0,
1641731,2024-10-30,3.0,
1641732,2024-10-28,0.0,
1641732,2024-10-29,1.0,
1641732,2024-11-01,1.0,
1641736,2024-10-29,1.0,
1641736,2024-10-30,0.0,
1641737,2024-10-23,0.0,
1641737,2024-10-25,0.0,
1641737,2024-10-30,0.0,
1641739,2024-10-23,6.0,
1641739,2024-10-25,3.0,
1641739,2024-10-27,4.0,
1641739,2024-10-28,4.0,
1641739,2024-10-30,5.0,
1641739,2024-11-01,3.0,4.4
1641741,2024-10-23,1.0,
1641741,2024-10-25,0.0,
1641741,2024-10-30,0.0,
1641744,2024-10-23,1.0,
1641744,2024-10-25,1.0,
1641744,2024-10-26,0.0,
1641744,2024-10-28,0.0,
1641744,2024-10-30,1.0,
1641744,2024-10-31,1.0,0.6
1641745,2024-10-24,0.0,
1641745,2024-10-26,0.0,
1641745,2024-10-27,0.0,
1641745,2024-10-30,0.0,
1641748,2024-10-23,0.0,
1641748,2024-10-27,1.0,
1641748,2024-10-28,5.0,
1641748,2024-10-31,2.0,
1641763,2024-10-23,1.0,
1641763,2024-10-25,2.0,
1641763,2024-10-26,1.0,
1641763,2024-10-28,2.0,
1641763,2024-10-30,2.0,
1641763,2024-11-01,3.0,1.6
1641764,2024-10-23,6.0,
1641764,2024-10-25,8.0,
1641764,2024-10-27,8.0,
1641764,2024-10-29,13.0,
1641764,2024-10-30,10.0,
1641765,2024-10-24,0.0,
1641765,2024-10-26,0.0,
1641765,2024-10-28,0.0,
1641766,2024-10-30,0.0,
1641766,2024-11-01,0.0,
1641767,2024-10-23,0.0,
1641767,2024-10-25,0.0,
1641767,2024-10-27,2.0,
1641767,2024-10-28,1.0,
1641767,2024-10-30,4.0,
1641767,2024-11-01,2.0,1.4
1641775,2024-10-22,1.0,
1641775,2024-10-24,1.0,
1641775,2024-10-28,1.0,
1641775,2024-10-30,0.0,
1641775,2024-11-01,0.0,
1641783,2024-10-23,0.0,
1641783,2024-11-01,4.0,
1641789,2024-10-26,0.0,
1641794,2024-10-24,0.0,
1641794,2024-10-26,0.0,
1641794,2024-10-27,0.0,
1641794,2024-10-30,0.0,
1641794,2024-11-01,2.0,
1641796,2024-10-23,1.0,
1641798,2024-10-27,0.0,
1641798,2024-10-30,0.0,
1641809,2024-10-24,0.0,
1641809,2024-10-28,0.0,
1641810,2024-10-23,0.0,
1641810,2024-10-27,0.0,
1641816,2024-10-24,0.0,
1641816,2024-11-01,0.0,
1641824,2024-10-23,1.0,
1641824,2024-10-25,2.0,
1641824,2024-10-26,0.0,
1641824,2024-10-28,0.0,
1641824,2024-10-30,0.0,
1641842,2024-10-23,3.0,
1641842,2024-10-25,3.0,
1641842,2024-10-26,1.0,
1641842,2024-10-28,1.0,
1641842,2024-10-30,1.0,
1641842,2024-11-01,1.0,1.8
1641854,2024-10-23,2.0,
1641854,2024-10-25,0.0,
1641854,2024-10-26,1.0,
1641857,2024-10-31,1.0,
1641871,2024-10-23,0.0,
1641871,2024-10-27,0.0,
1641871,2024-10-28,0.0,
1641871,2024-11-01,0.0,
1641890,2024-10-23,0.0,
1641890,2024-10-25,0.0,
1641890,2024-10-27,1.0,
1641890,2024-10-28,0.0,
1641890,2024-10-31,0.0,
1641998,2024-10-30,0.0,
1642024,2024-10-27,0.0,
1642258,2024-10-23,0.0,
1642258,2024-10-25,3.0,
1642258,2024-10-27,2.0,
1642258,2024-10-28,2.0,
1642258,2024-10-30,3.0,
1642258,2024-11-01,1.0,2.0
1642259,2024-10-24,2.0,
1642259,2024-10-26,3.0,
1642259,2024-10-28,6.0,
1642259,2024-10-30,6.0,
1642261,2024-10-22,3.0,
1642261,2024-10-25,1.0,
1642261,2024-10-26,2.0,
1642261,2024-10-28,0.0,
1642261,2024-10-30,2.0,
1642261,2024-11-01,2.0,1.6
1642262,2024-10-23,2.0,
1642262,2024-10-25,4.0,
1642262,2024-10-28,1.0,
1642262,2024-10-29,3.0,
1642262,2024-10-31,2.0,
1642263,2024-10-23,3.0,
1642263,2024-10-25,2.0,
1642263,2024-10-28,1.0,
1642263,2024-10-31,1.0,
1642264,2024-10-24,6.0,
1642264,2024-10-28,5.0,
1642264,2024-10-30,5.0,
1642264,2024-10-31,4.0,
1642266,2024-11-01,3.0,
1642267,2024-10-24,4.0,
1642267,2024-10-26,5.0,
1642267,2024-10-28,8.0,
1642267,2024-10-30,11.0,
1642270,2024-10-23,0.0,
1642270,2024-10-25,1.0,
1642270,2024-10-27,2.0,
1642270,2024-10-28,0.0,
1642270,2024-10-30,1.0,
1642270,2024-11-01,2.0,0.8
1642271,2024-10-25,0.0,
1642271,2024-10-28,3.0,
1642271,2024-10-29,4.0,
1642271,2024-10-31,4.0,
1642272,2024-10-23,1.0,
1642272,2024-10-25,0.0,
1642272,2024-10-27,1.0,
1642272,2024-10-30,3.0,
1642273,2024-10-24,4.0,
1642273,2024-10-26,7.0,
1642273,2024-10-28,2.0,
1642273,2024-10-30,6.0,
1642274,2024-10-23,2.0,
1642274,2024-10-25,3.0,
1642274,2024-10-27,1.0,
1642274,2024-10-29,3.0,
1642274,2024-10-30,1.0,
1642274,2024-11-01,0.0,2.0
1642275,2024-10-26,2.0,
1642275,2024-10-30,3.0,
1642275,2024-11-01,1.0,
1642276,2024-10-23,0.0,
1642277,2024-10-25,0.0,
1642278,2024-10-22,0.0,
1642278,2024-10-25,0.0,
1642278,2024-11-01,0.0,
1642279,2024-10-23,0.0,
1642281,2024-10-23,0.0,
1642281,2024-10-25,0.0,
1642281,2024-10-26,1.0,
1642281,2024-10-30,2.0,
1642345,2024-10-23,1.0,
1642345,2024-10-25,0.0,
1642345,2024-10-26,0.0,
1642345,2024-10-31,1.0,
1642346,2024-10-23,2.0,
1642346,2024-10-25,1.0,
1642346,2024-10-26,1.0,
1642346,2024-10-28,0.0,
1642346,2024-10-31,0.0,
1642347,2024-10-23,6.0,
1642347,2024-10-25,5.0,
1642347,2024-10-26,12.0,
1642347,2024-10-28,9.0,
1642347,2024-10-30,12.0,
1642347,2024-11-01,2.0,8.8
1642349,2024-10-24,1.0,
1642349,2024-10-26,5.0,
1642349,2024-10-27,4.0,
1642349,2024-10-30,2.0,
1642349,2024-11-01,3.0,
1642355,2024-10-22,0.0,
1642355,2024-10-30,1.0,
1642355,2024-11-01,0.0,
1642358,2024-10-23,0.0,
1642358,2024-10-25,0.0,
1642358,2024-10-27,0.0,
1642359,2024-10-22,0.0,
1642359,2024-10-25,0.0,
1642359,2024-11-01,1.0,
1642367,2024-10-23,0.0,
1642367,2024-10-25,5.0,
1642367,2024-10-26,1.0,
1642367,2024-10-28,2.0,
1642367,2024-10-30,5.0,
1642367,2024-11-01,7.0,2.6
1642377,2024-10-23,4.0,
1642377,2024-10-25,2.0,
1642377,2024-10-26,4.0,
1642377,2024-10-28,2.0,
1642377,2024-10-30,4.0,
1642377,2024-10-31,3.0,3.2
1642385,2024-10-27,0.0,
1642385,2024-10-30,0.0,
1642402,2024-10-23,0.0,
1642402,2024-10-25,0.0,
1642403,2024-10-28,0.0,
1642403,2024-10-29,0.0,
1642419,2024-10-23,3.0,
1642419,2024-10-25,1.0,
1642419,2024-10-26,1.0,
1642419,2024-10-28,0.0,
1642419,2024-10-30,2.0,
1642450,2024-10-25,0.0,
1642450,2024-11-01,0.0,
1642502,2024-11-01,0.0,
1642505,2024-10-24,0.0,
1642505,2024-10-26,0.0,
1642505,2024-10-27,0.0,
1642505,2024-10-30,0.0,
1642530,2024-10-25,1.0,
1642530,2024-10-26,0.0,
1642530,2024-10-30,0.0,
1642530,2024-10-31,0.0,
